"iso","umd_tree_cover_extent_2000__ha","area__ha"
"BRA",519139507.08839600356657219,849740652.14093371636547234
